{"1.5": {"sizes": [10.0, 20.0, 30.0, 40.0, 50.0, 60.0, 70.0, 80.0, 90.0, 100.0], "means": [8.813396457794487e-10, 1.639350820003382, 2.1468519395686894, 2.2350188883625153, 2.367832020503342, 2.490409136161371, 2.5789974960207047, 2.6151715938851297, 2.6438707962570507, 2.6546126164400037]}, "2.0": {"sizes": [10.0, 20.0, 30.0, 40.0, 50.0, 60.0, 70.0, 80.0, 90.0, 100.0], "means": [1.3441213819927205, 2.647050834033902, 3.0738217004966883, 3.317546798190884, 3.3594277756680455, 3.5412377532494927, 3.6003918480554313, 3.668096016459163, 3.6949289631029414, 3.720185404997811]}, "2.3": {"sizes": [10.0, 20.0, 30.0, 40.0, 50.0, 60.0, 70.0, 80.0, 90.0, 100.0], "means": [1.7970688606144276, 3.214064480172439, 3.660477393462009, 3.9354040817390468, 4.024842671197526, 4.115605411978638, 4.229650145561063, 4.295410251953209, 4.3316596424493055, 4.364941679724923]}}