{"1.2": {"sizes": [10.0, 15.714285714285715, 21.42857142857143, 27.142857142857142, 32.85714285714286, 38.57142857142857, 44.285714285714285, 50.0, 55.714285714285715, 61.42857142857143, 67.14285714285714, 72.85714285714286, 78.57142857142857, 84.28571428571429, 90.0], "means": [0.011755806393167189, 0.019858904716367646, 0.7663880410151853, 1.040414660325422, 1.2449607867557704, 1.3810978560552734, 1.497862669258306, 1.5966262817490737, 1.6751675304818492, 1.7052224946492573, 1.7476424300004174, 1.7515978028001948, 1.8086679168694095, 1.8042209937219096, 1.8420090858306475]}, "1.5": {"sizes": [10.0, 15.714285714285715, 21.42857142857143, 27.142857142857142, 32.85714285714286, 38.57142857142857, 44.285714285714285, 50.0, 55.714285714285715, 61.42857142857143, 67.14285714285714, 72.85714285714286, 78.57142857142857, 84.28571428571429, 90.0], "means": [0.012401456063881119, 0.20702387736096645, 1.123301005999884, 1.464668495923869, 1.7574464163811327, 1.871773344565268, 1.9902024667909572, 2.1282780910476142, 2.2012469368389116, 2.237112255786047, 2.3085687781364768, 2.3554106659101053, 2.363872867282499, 2.3985916170516215, 2.435762842609223]}, "2.0": {"sizes": [10.0, 15.714285714285715, 21.42857142857143, 27.142857142857142, 32.85714285714286, 38.57142857142857, 44.285714285714285, 50.0, 55.714285714285715, 61.42857142857143, 67.14285714285714, 72.85714285714286, 78.57142857142857, 84.28571428571429, 90.0], "means": [0.0133319550213291, 1.2000639898562415, 1.8890734535773779, 2.261256603211377, 2.553196185011436, 2.7961994762477325, 2.9436873523091753, 3.040704943180456, 3.11528089943872, 3.187089244148749, 3.24058584853731, 3.29923461008444, 3.350563816069493, 3.380219497642567, 3.4006971470627367]}, "2.3": {"sizes": [10.0, 15.714285714285715, 21.42857142857143, 27.142857142857142, 32.85714285714286, 38.57142857142857, 44.285714285714285, 50.0, 55.714285714285715, 61.42857142857143, 67.14285714285714, 72.85714285714286, 78.57142857142857, 84.28571428571429, 90.0], "means": [0.014325260914089916, 1.4284634118207007, 2.3657298286199335, 2.742588199274844, 3.0115328166349573, 3.273008878428136, 3.431540115654382, 3.585159022228466, 3.668617744881747, 3.774995999683477, 3.8333048109187935, 3.87917142565055, 3.9092941206003378, 3.9431269390923362, 4.001819784364801]}}